radius_nm,amplitude,phase_rad
50,0.983165,1.71436
50.0701,0.983117,1.71754
50.1401,0.983068,1.72075
50.2102,0.98302,1.72395
50.2803,0.98297,1.72714
50.3504,0.98292,1.73034
50.4204,0.982869,1.73356
50.4905,0.982818,1.7368
50.5606,0.982766,1.74004
50.6306,0.982713,1.74329
50.7007,0.98266,1.74653
50.7708,0.982607,1.74976
50.8408,0.982553,1.75299
50.9109,0.982498,1.75622
50.981,0.982444,1.75943
51.0511,0.982388,1.76271
51.1211,0.982331,1.766
51.1912,0.982273,1.76928
51.2613,0.982216,1.77256
51.3313,0.982157,1.77584
51.4014,0.982099,1.77911
51.4715,0.98204,1.78238
51.5415,0.98198,1.78563
51.6116,0.98192,1.7889
51.6817,0.98186,1.79215
51.7518,0.981799,1.79539
51.8218,0.981738,1.79864
51.8919,0.981677,1.80187
51.962,0.981615,1.80511
52.032,0.981553,1.80834
52.1021,0.98149,1.81155
52.1722,0.981426,1.81482
52.2422,0.981362,1.81806
52.3123,0.981297,1.82134
52.3824,0.981231,1.82462
52.4525,0.981165,1.82789
52.5225,0.981096,1.83126
52.5926,0.981028,1.83456
52.6627,0.98096,1.83785
52.7327,0.980888,1.84128
52.8028,0.980815,1.84469
52.8729,0.980742,1.84809
52.9429,0.980668,1.8515
53.013,0.980594,1.85491
53.0831,0.980518,1.85837
53.1532,0.98044,1.86188
53.2232,0.980362,1.86538
53.2933,0.980283,1.86889
53.3634,0.980203,1.87242
53.4334,0.980122,1.87596
53.5035,0.980041,1.8795
53.5736,0.979959,1.88303
53.6436,0.979877,1.88656
53.7137,0.979793,1.89012
53.7838,0.979708,1.89375
53.8539,0.979622,1.89736
53.9239,0.979535,1.90099
53.994,0.979448,1.90461
54.0641,0.97936,1.90823
54.1341,0.979272,1.91185
54.2042,0.979182,1.91551
54.2743,0.979092,1.91916
54.3443,0.979001,1.9228
54.4144,0.97891,1.92644
54.4845,0.978819,1.93008
54.5546,0.978727,1.93373
54.6246,0.978634,1.93737
54.6947,0.97854,1.94105
54.7648,0.978445,1.94473
54.8348,0.97835,1.9484
54.9049,0.978255,1.95207
54.975,0.978159,1.95574
55.045,0.978062,1.95941
55.1151,0.977965,1.96307
55.1852,0.977868,1.96674
55.2553,0.97777,1.9704
55.3253,0.977672,1.97406
55.3954,0.977573,1.97772
55.4655,0.977473,1.98141
55.5355,0.977373,1.98509
55.6056,0.977272,1.98878
55.6757,0.977171,1.99246
55.7457,0.977069,1.99613
55.8158,0.976965,1.99987
55.8859,0.97686,2.00363
55.956,0.976755,2.00737
56.026,0.97665,2.01112
56.0961,0.976544,2.01486
56.1662,0.976437,2.01862
56.2362,0.97633,2.02235
56.3063,0.976218,2.02626
56.3764,0.976109,2.03001
56.4464,0.975994,2.03396
56.5165,0.975878,2.03793
56.5866,0.975762,2.04186
56.6567,0.975645,2.04581
56.7267,0.975528,2.04977
56.7968,0.975408,2.05378
56.8669,0.975287,2.05782
56.9369,0.975165,2.06187
57.007,0.975043,2.06591
57.0771,0.97492,2.06995
57.1471,0.974796,2.07402
57.2172,0.974671,2.0781
57.2873,0.974546,2.08219
57.3574,0.974418,2.08631
57.4274,0.974289,2.09049
57.4975,0.974159,2.09467
57.5676,0.974029,2.09885
57.6376,0.973898,2.10302
57.7077,0.973767,2.1072
57.7778,0.973635,2.11138
57.8478,0.973503,2.11556
57.9179,0.97337,2.11974
57.988,0.973238,2.12391
58.0581,0.973104,2.12809
58.1281,0.972971,2.13226
58.1982,0.972837,2.13643
58.2683,0.972701,2.14064
58.3383,0.972564,2.14487
58.4084,0.972427,2.1491
58.4785,0.97229,2.15333
58.5485,0.972152,2.15757
58.6186,0.972013,2.16182
58.6887,0.971873,2.16609
58.7588,0.971731,2.17039
58.8288,0.97159,2.17469
58.8989,0.971448,2.17899
58.969,0.971305,2.18329
59.039,0.971162,2.18759
59.1091,0.971019,2.19188
59.1792,0.970876,2.19618
59.2492,0.970732,2.20047
59.3193,0.970588,2.20478
59.3894,0.970441,2.20914
59.4595,0.970294,2.2135
59.5295,0.970147,2.21787
59.5996,0.97,2.22222
59.6697,0.969852,2.22657
59.7397,0.969704,2.23092
59.8098,0.969556,2.23527
59.8799,0.969408,2.23961
59.9499,0.969259,2.24395
60.02,0.96911,2.24831
60.0901,0.968957,2.25276
60.1602,0.968805,2.25718
60.2302,0.968649,2.26169
60.3003,0.968493,2.26621
60.3704,0.968337,2.27071
60.4404,0.96818,2.27521
60.5105,0.968021,2.27979
60.5806,0.96786,2.28443
60.6507,0.967697,2.28909
60.7207,0.967534,2.29376
60.7908,0.967371,2.29842
60.8609,0.967208,2.30308
60.9309,0.967044,2.30773
61.001,0.96688,2.3124
61.0711,0.966715,2.31709
61.1411,0.966547,2.32186
61.2112,0.96638,2.32662
61.2813,0.966212,2.33138
61.3514,0.966044,2.33613
61.4214,0.965876,2.34089
61.4915,0.965708,2.34563
61.5616,0.965539,2.3504
61.6316,0.96537,2.35518
61.7017,0.9652,2.35996
61.7718,0.965031,2.36473
61.8418,0.964861,2.36951
61.9119,0.96469,2.37432
61.982,0.964519,2.37913
62.0521,0.964348,2.38394
62.1221,0.964176,2.38877
62.1922,0.964004,2.3936
62.2623,0.963832,2.39843
62.3323,0.963659,2.40326
62.4024,0.963487,2.40808
62.4725,0.963315,2.41292
62.5425,0.963141,2.41777
62.6126,0.962969,2.42261
62.6827,0.962796,2.42744
62.7528,0.962623,2.43227
62.8228,0.962451,2.43709
62.8929,0.962278,2.44192
62.963,0.962104,2.44678
63.033,0.961931,2.45163
63.1031,0.961758,2.45647
63.1732,0.961585,2.4613
63.2432,0.961412,2.46613
63.3133,0.961239,2.47096
63.3834,0.961067,2.47577
63.4535,0.960895,2.48059
63.5235,0.960723,2.48538
63.5936,0.960551,2.49018
63.6637,0.96038,2.49498
63.7337,0.960208,2.49978
63.8038,0.960031,2.50474
63.8739,0.959859,2.50956
63.9439,0.959679,2.51459
64.014,0.9595,2.51961
64.0841,0.959321,2.52461
64.1542,0.959141,2.52965
64.2242,0.95896,2.53473
64.2943,0.958777,2.53984
64.3644,0.958595,2.54496
64.4344,0.958413,2.55007
64.5045,0.958231,2.55517
64.5746,0.958049,2.56029
64.6446,0.957867,2.56542
64.7147,0.957686,2.57052
64.7848,0.957502,2.57569
64.8549,0.957319,2.58085
64.9249,0.957136,2.58601
64.995,0.956953,2.59117
65.0651,0.956771,2.59632
65.1351,0.95659,2.60145
65.2052,0.956409,2.60659
65.2753,0.956228,2.61171
65.3453,0.956047,2.61683
65.4154,0.955867,2.62194
65.4855,0.955688,2.62704
65.5556,0.955506,2.63221
65.6256,0.955324,2.6374
65.6957,0.955142,2.6426
65.7658,0.95496,2.64777
65.8358,0.954779,2.65296
65.9059,0.954598,2.65813
65.976,0.954418,2.66328
66.046,0.954238,2.66843
66.1161,0.954059,2.67358
66.1862,0.95388,2.67871
66.2563,0.953702,2.68384
66.3263,0.953524,2.68896
66.3964,0.953346,2.69408
66.4665,0.953168,2.69923
66.5365,0.952989,2.7044
66.6066,0.95281,2.70956
66.6767,0.952633,2.71471
66.7467,0.952455,2.71986
66.8168,0.952278,2.725
66.8869,0.9521,2.73016
66.957,0.951922,2.73532
67.027,0.951746,2.74045
67.0971,0.95157,2.74559
67.1672,0.951393,2.75074
67.2372,0.951217,2.75588
67.3073,0.951042,2.76102
67.3774,0.950867,2.76615
67.4474,0.950692,2.77126
67.5175,0.950517,2.77639
67.5876,0.950341,2.78157
67.6577,0.950163,2.78682
67.7277,0.949983,2.79212
67.7978,0.949804,2.7974
67.8679,0.949626,2.80267
67.9379,0.949447,2.80797
68.008,0.949267,2.81332
68.0781,0.949087,2.81866
68.1481,0.948908,2.82399
68.2182,0.948729,2.82931
68.2883,0.948551,2.83463
68.3584,0.948373,2.83993
68.4284,0.948196,2.84522
68.4985,0.948018,2.85057
68.5686,0.94784,2.85592
68.6386,0.947663,2.86124
68.7087,0.947486,2.86657
68.7788,0.947309,2.87189
68.8488,0.947134,2.87719
68.9189,0.946957,2.88253
68.989,0.946781,2.88786
69.0591,0.946604,2.89324
69.1291,0.946428,2.89859
69.1992,0.946251,2.90399
69.2693,0.946072,2.90943
69.3393,0.945895,2.91484
69.4094,0.945718,2.92023
69.4795,0.945542,2.92563
69.5495,0.945366,2.93102
69.6196,0.945191,2.93639
69.6897,0.945016,2.94176
69.7598,0.944842,2.94712
69.8298,0.944667,2.95249
69.8999,0.944493,2.95787
69.97,0.944319,2.96323
70.04,0.944146,2.96858
70.1101,0.943973,2.97396
70.1802,0.943799,2.97933
70.2503,0.943627,2.98469
70.3203,0.943454,2.99006
70.3904,0.943283,2.9954
70.4605,0.943111,3.00074
70.5305,0.942939,3.00609
70.6006,0.942768,3.01146
70.6707,0.942597,3.01679
70.7407,0.942427,3.02213
70.8108,0.942256,3.02747
70.8809,0.942086,3.03281
70.951,0.941916,3.03815
71.021,0.941746,3.04347
71.0911,0.941577,3.04879
71.1612,0.941409,3.0541
71.2312,0.941239,3.05944
71.3013,0.941067,3.06489
71.3714,0.940898,3.07022
71.4414,0.940725,3.07569
71.5115,0.940554,3.08114
71.5816,0.940382,3.0866
71.6517,0.940211,3.09204
71.7217,0.940036,3.0976
71.7918,0.939862,3.10316
71.8619,0.939689,3.1087
71.9319,0.939516,3.11423
72.002,0.939343,3.11975
72.0721,0.93917,3.1253
72.1421,0.938997,3.13086
72.2122,0.938822,3.1365
72.2823,0.938646,-3.14104
72.3524,0.938472,-3.13542
72.4224,0.938298,-3.1298
72.4925,0.938123,-3.12415
72.5626,0.937948,-3.11851
72.6326,0.937774,-3.11287
72.7027,0.937601,-3.10724
72.7728,0.937427,-3.10162
72.8428,0.937254,-3.09598
72.9129,0.937079,-3.09029
72.983,0.936904,-3.08459
73.0531,0.93673,-3.07892
73.1231,0.936556,-3.07326
73.1932,0.936382,-3.06759
73.2633,0.936209,-3.06194
73.3333,0.936036,-3.05628
73.4034,0.935864,-3.05064
73.4735,0.935692,-3.045
73.5435,0.93552,-3.03938
73.6136,0.935349,-3.03375
73.6837,0.935178,-3.02814
73.7538,0.935006,-3.02248
73.8238,0.934834,-3.01683
73.8939,0.934663,-3.01119
73.964,0.934491,-3.00553
74.034,0.934319,-2.99986
74.1041,0.934147,-2.99418
74.1742,0.933975,-2.98851
74.2442,0.933803,-2.98285
74.3143,0.933632,-2.97718
74.3844,0.93346,-2.97151
74.4545,0.933289,-2.96585
74.5245,0.933117,-2.96017
74.5946,0.932946,-2.95449
74.6647,0.932774,-2.94881
74.7347,0.932603,-2.94313
74.8048,0.932431,-2.93744
74.8749,0.93226,-2.93176
74.9449,0.932088,-2.92607
75.015,0.931916,-2.92038
75.0851,0.931742,-2.9146
75.1552,0.931567,-2.90875
75.2252,0.931391,-2.90288
75.2953,0.931215,-2.89702
75.3654,0.93104,-2.89115
75.4354,0.930862,-2.88521
75.5055,0.930685,-2.87926
75.5756,0.930506,-2.87328
75.6456,0.930329,-2.8673
75.7157,0.930151,-2.86133
75.7858,0.929973,-2.85537
75.8559,0.929796,-2.84938
75.9259,0.929617,-2.84334
75.996,0.929436,-2.83726
76.0661,0.929256,-2.83117
76.1361,0.929076,-2.82508
76.2062,0.928896,-2.819
76.2763,0.928716,-2.81292
76.3463,0.928537,-2.80685
76.4164,0.928357,-2.80077
76.4865,0.928178,-2.79469
76.5566,0.927997,-2.78858
76.6266,0.927817,-2.78246
76.6967,0.927637,-2.77635
76.7668,0.927458,-2.77025
76.8368,0.927278,-2.76414
76.9069,0.927098,-2.75804
76.977,0.926919,-2.75194
77.047,0.926739,-2.74581
77.1171,0.926559,-2.73969
77.1872,0.92638,-2.73358
77.2573,0.9262,-2.72745
77.3273,0.926019,-2.7213
77.3974,0.925836,-2.71506
77.4675,0.925653,-2.70883
77.5375,0.925471,-2.70261
77.6076,0.925288,-2.69639
77.6777,0.925106,-2.69017
77.7477,0.924924,-2.68395
77.8178,0.924742,-2.67775
77.8879,0.92456,-2.67154
77.958,0.924378,-2.66535
78.028,0.924197,-2.65916
78.0981,0.924015,-2.65293
78.1682,0.923833,-2.64672
78.2382,0.923651,-2.64052
78.3083,0.923469,-2.63432
78.3784,0.923287,-2.62808
78.4484,0.923104,-2.62185
78.5185,0.922922,-2.61563
78.5886,0.92274,-2.60941
78.6587,0.922558,-2.60319
78.7287,0.922376,-2.59698
78.7988,0.922193,-2.59072
78.8689,0.922008,-2.58439
78.9389,0.921821,-2.57796
79.009,0.921635,-2.57155
79.0791,0.921449,-2.56514
79.1491,0.921262,-2.55866
79.2192,0.921072,-2.55211
79.2893,0.920883,-2.54558
79.3594,0.920695,-2.53904
79.4294,0.920506,-2.5325
79.4995,0.920318,-2.52596
79.5696,0.920128,-2.51936
79.6396,0.919937,-2.51271
79.7097,0.919745,-2.50606
79.7798,0.919554,-2.49939
79.8498,0.919362,-2.4927
79.9199,0.919171,-2.48604
79.99,0.918979,-2.47936
80.0601,0.918788,-2.4727
80.1301,0.918597,-2.46602
80.2002,0.918406,-2.45933
80.2703,0.918213,-2.45261
80.3403,0.918021,-2.44587
80.4104,0.917828,-2.43914
80.4805,0.917636,-2.4324
80.5506,0.917444,-2.42567
80.6206,0.917251,-2.41892
80.6907,0.917059,-2.41217
80.7608,0.916866,-2.40542
80.8308,0.916674,-2.39868
80.9009,0.916481,-2.39192
80.971,0.916289,-2.38516
81.041,0.916096,-2.37837
81.1111,0.915903,-2.37157
81.1812,0.91571,-2.36479
81.2513,0.915516,-2.35797
81.3213,0.915323,-2.35118
81.3914,0.915131,-2.3444
81.4615,0.914938,-2.33761
81.5315,0.914746,-2.33084
81.6016,0.914554,-2.32408
81.6717,0.914363,-2.31732
81.7417,0.914171,-2.31056
81.8118,0.91398,-2.30381
81.8819,0.91379,-2.29708
81.952,0.913599,-2.29032
82.022,0.913408,-2.28356
82.0921,0.913218,-2.27682
82.1622,0.913027,-2.27008
82.2322,0.912837,-2.26334
82.3023,0.912646,-2.25656
82.3724,0.912455,-2.24977
82.4424,0.912264,-2.24297
82.5125,0.912072,-2.23616
82.5826,0.91188,-2.22931
82.6527,0.911685,-2.22231
82.7227,0.911491,-2.21532
82.7928,0.911297,-2.20835
82.8629,0.911104,-2.20136
82.9329,0.910908,-2.19428
83.003,0.910713,-2.18722
83.0731,0.910518,-2.18012
83.1431,0.910324,-2.17304
83.2132,0.910129,-2.16595
83.2833,0.909936,-2.15887
83.3534,0.90974,-2.1517
83.4234,0.909545,-2.14454
83.4935,0.90935,-2.13739
83.5636,0.909156,-2.13025
83.6336,0.908963,-2.12312
83.7037,0.90877,-2.11599
83.7738,0.908577,-2.10887
83.8438,0.908386,-2.10177
83.9139,0.908193,-2.09459
83.984,0.908,-2.08742
84.0541,0.907808,-2.08025
84.1241,0.907617,-2.0731
84.1942,0.907426,-2.06597
84.2643,0.907236,-2.05883
84.3343,0.907046,-2.05167
84.4044,0.906855,-2.04449
84.4745,0.906666,-2.03735
84.5445,0.906477,-2.0302
84.6146,0.906289,-2.02307
84.6847,0.906101,-2.0159
84.7548,0.905913,-2.00874
84.8248,0.905726,-2.0016
84.8949,0.90554,-1.99447
84.965,0.905354,-1.98733
85.035,0.905169,-1.98021
85.1051,0.904984,-1.97307
85.1752,0.9048,-1.96596
85.2452,0.904616,-1.95882
85.3153,0.904434,-1.95173
85.3854,0.904252,-1.94465
85.4555,0.904072,-1.93757
85.5255,0.903891,-1.9305
85.5956,0.903711,-1.92338
85.6657,0.90353,-1.91626
85.7357,0.90335,-1.90913
85.8058,0.903171,-1.902
85.8759,0.902992,-1.89489
85.9459,0.902815,-1.88779
86.016,0.902638,-1.88069
86.0861,0.902462,-1.87363
86.1562,0.902287,-1.86656
86.2262,0.902114,-1.85952
86.2963,0.901941,-1.85245
86.3664,0.901766,-1.84529
86.4364,0.901592,-1.8381
86.5065,0.901419,-1.83093
86.5766,0.901247,-1.82378
86.6466,0.901074,-1.8165
86.7167,0.900901,-1.80924
86.7868,0.90073,-1.802
86.8569,0.90056,-1.79477
86.9269,0.900392,-1.78756
86.997,0.900223,-1.78034
87.0671,0.900055,-1.77308
87.1371,0.899889,-1.76584
87.2072,0.899723,-1.75862
87.2773,0.899558,-1.75137
87.3473,0.899394,-1.74415
87.4174,0.899232,-1.73693
87.4875,0.89907,-1.72973
87.5576,0.898909,-1.72252
87.6276,0.898748,-1.71525
87.6977,0.898588,-1.70799
87.7678,0.898429,-1.70074
87.8378,0.898271,-1.69349
87.9079,0.898114,-1.68624
87.978,0.897958,-1.67898
88.048,0.897803,-1.67175
88.1181,0.89765,-1.66454
88.1882,0.897498,-1.65732
88.2583,0.897347,-1.65014
88.3283,0.897196,-1.64293
88.3984,0.897047,-1.63573
88.4685,0.8969,-1.62854
88.5385,0.896753,-1.62137
88.6086,0.896607,-1.61419
88.6787,0.896463,-1.60704
88.7487,0.89632,-1.5999
88.8188,0.896179,-1.59277
88.8889,0.896039,-1.58567
88.959,0.8959,-1.57856
89.029,0.895762,-1.57145
89.0991,0.895626,-1.56437
89.1692,0.89549,-1.55729
89.2392,0.895355,-1.55016
89.3093,0.895222,-1.54307
89.3794,0.895089,-1.53598
89.4494,0.894959,-1.52892
89.5195,0.894829,-1.52185
89.5896,0.8947,-1.5148
89.6597,0.894573,-1.50775
89.7297,0.894448,-1.50074
89.7998,0.894324,-1.49373
89.8699,0.894201,-1.48675
89.9399,0.894079,-1.47978
90.01,0.893959,-1.47281
90.0801,0.89384,-1.46582
90.1502,0.89372,-1.45874
90.2202,0.893601,-1.45167
90.2903,0.893483,-1.44459
90.3604,0.893366,-1.43747
90.4304,0.89325,-1.43031
90.5005,0.893135,-1.42319
90.5706,0.893021,-1.41605
90.6406,0.892909,-1.40896
90.7107,0.892797,-1.40182
90.7808,0.892686,-1.39464
90.8509,0.892575,-1.38744
90.9209,0.892467,-1.38027
90.991,0.892359,-1.3731
91.0611,0.892253,-1.36594
91.1311,0.892148,-1.35881
91.2012,0.892045,-1.35168
91.2713,0.891943,-1.34456
91.3413,0.891841,-1.33741
91.4114,0.891741,-1.33025
91.4815,0.891642,-1.32311
91.5516,0.891544,-1.31599
91.6216,0.891447,-1.30886
91.6917,0.891352,-1.30174
91.7618,0.891258,-1.29464
91.8318,0.891166,-1.28755
91.9019,0.891074,-1.28048
91.972,0.890984,-1.2734
92.042,0.890895,-1.26632
92.1121,0.890807,-1.25926
92.1822,0.89072,-1.25221
92.2523,0.890634,-1.24517
92.3223,0.89055,-1.23812
92.3924,0.890467,-1.2311
92.4625,0.890385,-1.22409
92.5325,0.890304,-1.21709
92.6026,0.890225,-1.21011
92.6727,0.890146,-1.20311
92.7427,0.890068,-1.1961
92.8128,0.889991,-1.1891
92.8829,0.889915,-1.18208
92.953,0.88984,-1.17507
93.023,0.889766,-1.16807
93.0931,0.889694,-1.16109
93.1632,0.889622,-1.15412
93.2332,0.889551,-1.14714
93.3033,0.889482,-1.14017
93.3734,0.889413,-1.13322
93.4434,0.889345,-1.1263
93.5135,0.889279,-1.11938
93.5836,0.889213,-1.11248
93.6537,0.889148,-1.10558
93.7237,0.889084,-1.0987
93.7938,0.889021,-1.09179
93.8639,0.888956,-1.08466
93.9339,0.888893,-1.07771
94.004,0.88883,-1.07068
94.0741,0.888767,-1.0636
94.1441,0.888705,-1.05646
94.2142,0.888643,-1.04931
94.2843,0.888581,-1.04219
94.3544,0.888521,-1.03507
94.4244,0.888461,-1.02797
94.4945,0.888401,-1.02081
94.5646,0.888342,-1.01364
94.6346,0.888284,-1.00649
94.7047,0.888226,-0.999348
94.7748,0.888169,-0.992204
94.8448,0.888112,-0.985064
94.9149,0.888056,-0.977918
94.985,0.888,-0.970737
95.0551,0.887944,-0.963569
95.1251,0.88789,-0.956391
95.1952,0.887835,-0.949221
95.2653,0.887781,-0.942062
95.3353,0.887728,-0.934916
95.4054,0.887675,-0.927775
95.4755,0.887622,-0.920656
95.5455,0.88757,-0.91352
95.6156,0.887518,-0.906398
95.6857,0.887466,-0.899205
95.7558,0.887414,-0.89202
95.8258,0.887363,-0.884847
95.8959,0.887312,-0.877662
95.966,0.887261,-0.870494
96.036,0.88721,-0.863326
96.1061,0.88716,-0.856152
96.1762,0.887109,-0.848966
96.2462,0.887059,-0.841793
96.3163,0.887008,-0.834615
96.3864,0.886958,-0.827454
96.4565,0.886908,-0.820277
96.5265,0.886857,-0.813104
96.5966,0.886807,-0.805942
96.6667,0.886757,-0.798791
96.7367,0.886706,-0.791645
96.8068,0.886656,-0.784493
96.8769,0.886605,-0.777355
96.9469,0.886555,-0.770216
97.017,0.886504,-0.763094
97.0871,0.886453,-0.755979
97.1572,0.886401,-0.748881
97.2272,0.88635,-0.741778
97.2973,0.886298,-0.734698
97.3674,0.886246,-0.727593
97.4374,0.886193,-0.720488
97.5075,0.88614,-0.713369
97.5776,0.886085,-0.706143
97.6476,0.886027,-0.698818
97.7177,0.88597,-0.691518
97.7878,0.885911,-0.684187
97.8579,0.88585,-0.676745
97.9279,0.885789,-0.669301
97.998,0.885727,-0.661856
98.0681,0.885664,-0.654405
98.1381,0.8856,-0.646967
98.2082,0.885534,-0.639427
98.2783,0.885468,-0.63189
98.3483,0.8854,-0.624346
98.4184,0.885331,-0.616794
98.4885,0.885262,-0.609226
98.5586,0.88519,-0.601626
98.6286,0.885118,-0.594032
98.6987,0.885045,-0.586411
98.7688,0.88497,-0.57876
98.8388,0.884894,-0.571124
98.9089,0.884817,-0.563489
98.979,0.884738,-0.555844
99.049,0.884658,-0.548192
99.1191,0.884577,-0.540504
99.1892,0.884494,-0.532812
99.2593,0.884409,-0.52511
99.3293,0.884323,-0.517403
99.3994,0.884236,-0.509666
99.4695,0.884146,-0.501945
99.5395,0.884056,-0.494222
99.6096,0.883963,-0.4865
99.6797,0.883869,-0.478784
99.7497,0.883774,-0.471035
99.8198,0.883676,-0.463311
99.8899,0.883577,-0.455573
99.96,0.883476,-0.447835
100.03,0.883373,-0.440098
100.1,0.883268,-0.432353
100.17,0.883161,-0.424585
100.24,0.883052,-0.416818
100.31,0.882942,-0.409071
100.38,0.882829,-0.401314
100.45,0.882714,-0.393573
100.521,0.882597,-0.385837
100.591,0.882479,-0.378107
100.661,0.882358,-0.370379
100.731,0.882234,-0.362632
100.801,0.882109,-0.354887
100.871,0.881982,-0.347164
100.941,0.881851,-0.339397
101.011,0.881718,-0.331629
101.081,0.881582,-0.323804
101.151,0.881443,-0.315995
101.221,0.881303,-0.308192
101.291,0.881158,-0.30032
101.361,0.881004,-0.292174
101.431,0.880852,-0.284187
101.502,0.880693,-0.276074
101.572,0.88053,-0.267863
101.642,0.880362,-0.259583
101.712,0.880191,-0.251306
101.782,0.880017,-0.24299
101.852,0.879839,-0.234673
101.922,0.879657,-0.226295
101.992,0.879471,-0.21787
102.062,0.879281,-0.209414
102.132,0.879086,-0.200924
102.202,0.878888,-0.192413
102.272,0.878687,-0.183932
102.342,0.878482,-0.175405
102.412,0.878272,-0.166834
102.482,0.878057,-0.158206
102.553,0.877839,-0.14958
102.623,0.877617,-0.140948
102.693,0.877391,-0.132311
102.763,0.877161,-0.123664
102.833,0.876927,-0.115026
102.903,0.87669,-0.10639
102.973,0.876449,-0.0977307
103.043,0.876202,-0.0890239
103.113,0.875951,-0.0802999
103.183,0.875696,-0.0715728
103.253,0.875436,-0.0628292
103.323,0.875173,-0.0540845
103.393,0.874905,-0.0453467
103.463,0.874634,-0.0366052
103.534,0.874356,-0.027822
103.604,0.874077,-0.0190811
103.674,0.873792,-0.0103214
103.744,0.873503,-0.00155119
103.814,0.873207,0.00727629
103.884,0.872909,0.0160778
103.954,0.872605,0.0249009
104.024,0.872297,0.0337132
104.094,0.871985,0.0425235
104.164,0.871668,0.0513576
104.234,0.871347,0.0601636
104.304,0.871021,0.0690063
104.374,0.87069,0.0778431
104.444,0.870356,0.0866556
104.515,0.870016,0.0954973
104.585,0.869671,0.104352
104.655,0.869322,0.113209
104.725,0.868968,0.122078
104.795,0.868609,0.13094
104.865,0.868246,0.139795
104.935,0.86788,0.148627
105.005,0.867508,0.157477
105.075,0.867125,0.166502
105.145,0.866722,0.175893
105.215,0.866331,0.184876
105.285,0.865925,0.194113
105.355,0.865507,0.20352
105.425,0.865085,0.21291
105.495,0.864656,0.222328
105.566,0.864223,0.23175
105.636,0.863781,0.241251
105.706,0.863331,0.250834
105.776,0.862874,0.260435
105.846,0.862412,0.270051
105.916,0.861945,0.279661
105.986,0.861472,0.289294
106.056,0.860993,0.298948
106.126,0.860505,0.308668
106.196,0.860012,0.318398
106.266,0.859512,0.328162
106.336,0.859007,0.33793
106.406,0.858497,0.347695
106.476,0.857982,0.357446
106.547,0.857462,0.367206
106.617,0.856938,0.376956
106.687,0.856406,0.386744
106.757,0.855868,0.396571
106.827,0.855323,0.406417
106.897,0.854774,0.416252
106.967,0.854222,0.426067
107.037,0.853663,0.435902
107.107,0.853102,0.445698
107.177,0.852536,0.455509
107.247,0.851967,0.465281
107.317,0.851392,0.475074
107.387,0.850813,0.484856
107.457,0.850227,0.494696
107.528,0.849635,0.50455
107.598,0.84904,0.514375
107.668,0.848442,0.52419
107.738,0.84784,0.533993
107.808,0.847236,0.543759
107.878,0.846627,0.553536
107.948,0.846015,0.563304
108.018,0.845401,0.573039
108.088,0.844782,0.582799
108.158,0.844161,0.59253
108.228,0.843535,0.60227
108.298,0.842906,0.612009
108.368,0.842273,0.621751
108.438,0.841639,0.631455
108.509,0.841001,0.641173
108.579,0.840363,0.650852
108.649,0.839723,0.660506
108.719,0.83908,0.670155
108.789,0.838431,0.679848
108.859,0.837757,0.689903
108.929,0.837101,0.699634
108.999,0.836433,0.709511
109.069,0.835751,0.719579
109.139,0.835066,0.72964
109.209,0.834379,0.739692
109.279,0.833688,0.749769
109.349,0.832995,0.759857
109.419,0.832291,0.770063
109.489,0.831588,0.780242
109.56,0.830882,0.790416
109.63,0.830177,0.800571
109.7,0.829471,0.8107
109.77,0.828765,0.820831
109.84,0.828054,0.830996
109.91,0.827342,0.841169
109.98,0.826632,0.851287
110.05,0.82592,0.861434
110.12,0.825211,0.871532
110.19,0.824503,0.88159
110.26,0.823796,0.891633
110.33,0.823089,0.901681
110.4,0.822379,0.911762
110.47,0.821671,0.921828
110.541,0.820963,0.931886
110.611,0.820257,0.941911
110.681,0.819555,0.951909
110.751,0.818855,0.961874
110.821,0.818157,0.971827
110.891,0.817459,0.981791
110.961,0.816766,0.991696
111.031,0.816075,1.00159
111.101,0.815386,1.01148
111.171,0.8147,1.02136
111.241,0.814017,1.03121
111.311,0.813339,1.04103
111.381,0.812663,1.05083
111.451,0.811993,1.06059
111.522,0.811324,1.07037
111.592,0.810661,1.0801
111.662,0.810001,1.08983
111.732,0.809345,1.09954
111.802,0.808697,1.10918
111.872,0.808051,1.11882
111.942,0.80741,1.12847
112.012,0.806773,1.13809
112.082,0.806141,1.14769
112.152,0.805516,1.15724
112.222,0.804897,1.16677
112.292,0.804285,1.17626
112.362,0.803678,1.18572
112.432,0.803078,1.19516
112.503,0.802482,1.20459
112.573,0.801886,1.21411
112.643,0.801284,1.22382
112.713,0.800712,1.2331
112.783,0.800133,1.24259
112.853,0.799555,1.25216
112.923,0.798984,1.2617
112.993,0.798421,1.27121
113.063,0.797866,1.28069
113.133,0.797314,1.2902
113.203,0.796771,1.29968
113.273,0.796236,1.30913
113.343,0.79571,1.31853
113.413,0.795192,1.32791
113.483,0.794683,1.33725
113.554,0.794179,1.34661
113.624,0.793684,1.35595
113.694,0.793197,1.36527
113.764,0.79272,1.37454
113.834,0.792252,1.38376
113.904,0.791793,1.39296
113.974,0.791341,1.40217
114.044,0.7909,1.41131
114.114,0.790465,1.4205
114.184,0.790038,1.42966
114.254,0.789622,1.43878
114.324,0.789213,1.44791
114.394,0.788814,1.457
114.464,0.788426,1.46604
114.535,0.788047,1.47507
114.605,0.787677,1.48406
114.675,0.787317,1.49303
114.745,0.786967,1.50196
114.815,0.786626,1.51088
114.885,0.786294,1.5198
114.955,0.785972,1.52868
115.025,0.78566,1.53753
115.095,0.785358,1.54636
115.165,0.785065,1.55516
115.235,0.784783,1.56393
115.305,0.78451,1.57267
115.375,0.784248,1.58137
115.445,0.783996,1.59004
115.516,0.783753,1.59867
115.586,0.78352,1.60732
115.656,0.783296,1.61594
115.726,0.783082,1.62454
115.796,0.782879,1.63311
115.866,0.782684,1.64167
115.936,0.7825,1.65019
116.006,0.782325,1.6587
116.076,0.782161,1.66718
116.146,0.782006,1.67562
116.216,0.781861,1.68403
116.286,0.781726,1.69242
116.356,0.781598,1.70094
116.426,0.781481,1.70933
116.496,0.781375,1.71759
116.567,0.781277,1.726
116.637,0.781188,1.73437
116.707,0.781109,1.7427
116.777,0.78104,1.75099
116.847,0.78098,1.75929
116.917,0.78093,1.76759
116.987,0.780889,1.77584
117.057,0.780857,1.78405
117.127,0.780835,1.79224
117.197,0.780822,1.80041
117.267,0.780818,1.80857
117.337,0.780823,1.81672
117.407,0.780837,1.82485
117.477,0.78086,1.83296
117.548,0.780892,1.84106
117.618,0.780933,1.84914
117.688,0.780983,1.85719
117.758,0.781041,1.86523
117.828,0.781108,1.87331
117.898,0.781184,1.88136
117.968,0.781269,1.88937
118.038,0.781362,1.89737
118.108,0.781463,1.90532
118.178,0.781572,1.91327
118.248,0.781689,1.92118
118.318,0.781814,1.92907
118.388,0.781947,1.93692
118.458,0.782088,1.9448
118.529,0.782236,1.95264
118.599,0.782393,1.96048
118.669,0.782557,1.96831
118.739,0.782729,1.97612
118.809,0.782907,1.98391
118.879,0.783094,1.99167
118.949,0.783287,1.99942
119.019,0.783487,2.00714
119.089,0.783693,2.01485
119.159,0.783907,2.02254
119.229,0.784128,2.03025
119.299,0.784356,2.03794
119.369,0.784591,2.04562
119.439,0.784832,2.05331
119.51,0.785079,2.06094
119.58,0.785333,2.06858
119.65,0.785593,2.07621
119.72,0.785859,2.08383
119.79,0.786131,2.09142
119.86,0.786409,2.099
119.93,0.786693,2.1066
120,0.786982,2.11416
